{
	"info": {
		"_postman_id": "c70dde62-f4a7-4fc1-90fa-14c02d603aa8",
		"name": "Coupon Service",
		"description": "# Coupon Service\n\nThis is a postman collection.\n\nThis collection has 4 folders :\n\n- Auth\n    \n    - Register\n        \n    - Login\n        \n    - Logout\n        \n- Coupons\n    \n    - List\n        \n    - Use Coupon\n        \n- Users\n    \n    - Profile\n        \n- Serveres\n    \n    - List\n        \n\nFor your ease of use, three tokens are designed for the users and server list is static and coupons are made before.\n\nThis is the environmetn of collection:\n\n| Keys | Values |\n| --- | --- |\n| token | Current user api key |\n| url | [http://localhost:8000/api](http://localhost:8000/api) |",
		"schema": "https://schema.getpostman.com/json/collection/v2.1.0/collection.json",
		"_exporter_id": "10700969"
	},
	"item": [
		{
			"name": "Auth",
			"item": [
				{
					"name": "Register",
					"event": [
						{
							"listen": "test",
							"script": {
								"exec": [
									"const response = JSON.parse(pm.response.text());",
									"",
									"if(response.data?.token?.token) {",
									"    pm.environment.set(\"token\", response.data?.token.token);",
									"}"
								],
								"type": "text/javascript",
								"packages": {}
							}
						}
					],
					"request": {
						"method": "POST",
						"header": [],
						"body": {
							"mode": "raw",
							"raw": "{\n    \"name\" : \"Test user register\",\n    \"password\": \"Mm@test1234\",\n    \"email\" : \"test3@coupon.co\"\n}",
							"options": {
								"raw": {
									"language": "json"
								}
							}
						},
						"url": {
							"raw": "{{url}}/v1/auth/register",
							"host": [
								"{{url}}"
							],
							"path": [
								"v1",
								"auth",
								"register"
							]
						},
						"description": "### Register User\n\nThis endpoint allows the client to register a new user.\n\n#### Request Body\n\n- `name` (string, required): The name of the user.\n    \n- `password` (string, required): The password for the user account.\n    \n- `email` (string, required): The email address of the user.\n    \n\n#### Response\n\n- `status` (string): The status of the request.\n    \n- `message` (string): A message related to the request status.\n    \n- `data` (object):\n    \n    - `user` (object):\n        \n        - `createdAt` (string): The date and time when the user account was created.\n            \n        - `email` (string): The email address of the user.\n            \n        - `id` (string): The unique identifier for the user.\n            \n        - `name` (string): The name of the user.\n            \n        - `updatedAt` (string): The date and time when the user account was last updated.\n            \n    - `token` (object):\n        \n        - `createdAt` (string): The date and time when the token was created.\n            \n        - `expiredAt` (string): The expiration date and time of the token.\n            \n        - `id` (string): The unique identifier for the token.\n            \n        - `token` (string): The authentication token.\n            \n        - `type` (string): The type of the token.\n            \n        - `updatedAt` (string): The date and time when the token was last updated."
					},
					"response": [
						{
							"name": "Successful register",
							"originalRequest": {
								"method": "POST",
								"header": [],
								"body": {
									"mode": "raw",
									"raw": "{\n    \"name\" : \"Test user register\",\n    \"password\": \"Mm@test1234\",\n    \"email\" : \"test3@coupon.co\"\n}",
									"options": {
										"raw": {
											"language": "json"
										}
									}
								},
								"url": {
									"raw": "{{url}}/v1/auth/register",
									"host": [
										"{{url}}"
									],
									"path": [
										"v1",
										"auth",
										"register"
									]
								}
							},
							"status": "Created",
							"code": 201,
							"_postman_previewlanguage": "json",
							"header": [
								{
									"key": "X-Powered-By",
									"value": "Express"
								},
								{
									"key": "Content-Type",
									"value": "application/json; charset=utf-8"
								},
								{
									"key": "Content-Length",
									"value": "436"
								},
								{
									"key": "ETag",
									"value": "W/\"1b4-xGqVfpNeyyxQV5CwQbuYeveWguc\""
								},
								{
									"key": "Date",
									"value": "Sun, 25 Aug 2024 18:43:54 GMT"
								},
								{
									"key": "Connection",
									"value": "keep-alive"
								},
								{
									"key": "Keep-Alive",
									"value": "timeout=5"
								}
							],
							"cookie": [],
							"body": "{\n    \"status\": \"success\",\n    \"message\": \"registered successfully\",\n    \"data\": {\n        \"user\": {\n            \"createdAt\": \"2024-08-25T15:13:54.906Z\",\n            \"email\": \"test3@coupon.co\",\n            \"id\": \"7\",\n            \"name\": \"Test user register\",\n            \"updatedAt\": \"2024-08-25T15:13:54.906Z\"\n        },\n        \"token\": {\n            \"createdAt\": \"2024-08-25T15:13:54.925Z\",\n            \"expiredAt\": \"2024-08-26T18:43:54.919Z\",\n            \"id\": \"6\",\n            \"token\": \"m09x4bs7Wn42D6FLcbD05zVrfhSSvvcYzXCpR5LaT03bFQGwyKXDBreut2\",\n            \"type\": \"Bearer\",\n            \"updatedAt\": \"2024-08-25T15:13:54.925Z\"\n        }\n    }\n}"
						},
						{
							"name": "422 error",
							"originalRequest": {
								"method": "POST",
								"header": [],
								"body": {
									"mode": "raw",
									"raw": "",
									"options": {
										"raw": {
											"language": "json"
										}
									}
								},
								"url": {
									"raw": "{{url}}/v1/auth/register",
									"host": [
										"{{url}}"
									],
									"path": [
										"v1",
										"auth",
										"register"
									]
								}
							},
							"status": "Unprocessable Entity",
							"code": 422,
							"_postman_previewlanguage": "json",
							"header": [
								{
									"key": "X-Powered-By",
									"value": "Express"
								},
								{
									"key": "Content-Type",
									"value": "application/json; charset=utf-8"
								},
								{
									"key": "Content-Length",
									"value": "257"
								},
								{
									"key": "ETag",
									"value": "W/\"101-o0NRlJ8kGouduQh3lq2HlKwKsEA\""
								},
								{
									"key": "Date",
									"value": "Sun, 25 Aug 2024 18:45:32 GMT"
								},
								{
									"key": "Connection",
									"value": "keep-alive"
								},
								{
									"key": "Keep-Alive",
									"value": "timeout=5"
								}
							],
							"cookie": [],
							"body": "{\n    \"status\": \"validation error\",\n    \"message\": \"validation error\",\n    \"errors\": [\n        {\n            \"message\": \"Name must be at least 3 characters\",\n            \"field\": \"name\"\n        },\n        {\n            \"message\": \"Invalid email address\",\n            \"field\": \"email\"\n        },\n        {\n            \"message\": \"Password must be at least 8 characters\",\n            \"field\": \"password\"\n        }\n    ]\n}"
						},
						{
							"name": "Bad Request",
							"originalRequest": {
								"method": "POST",
								"header": [],
								"body": {
									"mode": "raw",
									"raw": "{\n    \"name\" : \"Test user register\",\n    \"password\": \"Mm@test1234\",\n    \"email\" : \"test3@coupon.co\"\n}",
									"options": {
										"raw": {
											"language": "json"
										}
									}
								},
								"url": {
									"raw": "{{url}}/v1/auth/register",
									"host": [
										"{{url}}"
									],
									"path": [
										"v1",
										"auth",
										"register"
									]
								}
							},
							"status": "Bad Request",
							"code": 400,
							"_postman_previewlanguage": "json",
							"header": [
								{
									"key": "X-Powered-By",
									"value": "Express"
								},
								{
									"key": "Content-Type",
									"value": "application/json; charset=utf-8"
								},
								{
									"key": "Content-Length",
									"value": "60"
								},
								{
									"key": "ETag",
									"value": "W/\"3c-kF/YsluIEa08NBPEj4VZEtMCG24\""
								},
								{
									"key": "Date",
									"value": "Sun, 25 Aug 2024 18:45:42 GMT"
								},
								{
									"key": "Connection",
									"value": "keep-alive"
								},
								{
									"key": "Keep-Alive",
									"value": "timeout=5"
								}
							],
							"cookie": [],
							"body": "{\n    \"status\": \"bad request\",\n    \"message\": \"email registered before\"\n}"
						}
					]
				},
				{
					"name": "Login",
					"event": [
						{
							"listen": "test",
							"script": {
								"exec": [
									"const response = JSON.parse(pm.response.text());",
									"",
									"if(response.data?.token?.token) {",
									"    pm.environment.set(\"token\", response.data?.token.token);",
									"}"
								],
								"type": "text/javascript",
								"packages": {}
							}
						}
					],
					"request": {
						"method": "POST",
						"header": [],
						"body": {
							"mode": "raw",
							"raw": "{\n    \"password\": \"Mm@test1234\",\n    \"email\" : \"test3@coupon.co\"\n}",
							"options": {
								"raw": {
									"language": "json"
								}
							}
						},
						"url": {
							"raw": "{{url}}/v1/auth/login",
							"host": [
								"{{url}}"
							],
							"path": [
								"v1",
								"auth",
								"login"
							]
						},
						"description": "### Auth Login\n\nThis endpoint is used to authenticate a user and obtain an access token.\n\n#### Request\n\n- Method: POST\n    \n- URL: {{url}}/v1/auth/login\n    \n- Body:\n    \n    - email (string, required): The email address of the user.\n        \n    - password (string, required): The password of the user.\n        \n\n#### Response\n\nThe response schema for this request is as follows:\n\n``` json\n{\n  \"type\": \"object\",\n  \"properties\": {\n    \"token\": {\n      \"type\": \"string\"\n    }\n  }\n}\n\n ```\n\nThe response will contain a JSON object with a `token` property, which is a string representing the access token."
					},
					"response": [
						{
							"name": "Success Login",
							"originalRequest": {
								"method": "POST",
								"header": [],
								"body": {
									"mode": "raw",
									"raw": "{\n    \"password\": \"Mm@test1234\",\n    \"email\" : \"test3@coupon.co\"\n}",
									"options": {
										"raw": {
											"language": "json"
										}
									}
								},
								"url": {
									"raw": "{{url}}/v1/auth/login",
									"host": [
										"{{url}}"
									],
									"path": [
										"v1",
										"auth",
										"login"
									]
								}
							},
							"status": "Internal Server Error",
							"code": 500,
							"_postman_previewlanguage": "json",
							"header": [
								{
									"key": "X-Powered-By",
									"value": "Express"
								},
								{
									"key": "Content-Type",
									"value": "application/json; charset=utf-8"
								},
								{
									"key": "Content-Length",
									"value": "431"
								},
								{
									"key": "ETag",
									"value": "W/\"1af-10OG2ozdinWCPE/wY/V0cwElEtQ\""
								},
								{
									"key": "Date",
									"value": "Sun, 25 Aug 2024 18:44:52 GMT"
								},
								{
									"key": "Connection",
									"value": "keep-alive"
								},
								{
									"key": "Keep-Alive",
									"value": "timeout=5"
								}
							],
							"cookie": [],
							"body": "{\n    \"status\": \"success\",\n    \"message\": \"login successfully\",\n    \"data\": {\n        \"user\": {\n            \"createdAt\": \"2024-08-25T15:13:54.906Z\",\n            \"email\": \"test3@coupon.co\",\n            \"id\": \"7\",\n            \"name\": \"Test user register\",\n            \"updatedAt\": \"2024-08-25T15:13:54.906Z\"\n        },\n        \"token\": {\n            \"createdAt\": \"2024-08-25T15:14:52.275Z\",\n            \"expiredAt\": \"2024-08-26T18:44:52.266Z\",\n            \"id\": \"7\",\n            \"token\": \"m09x5k16HZLvYlfeNmvZYbPfdtp9NgeGMstwgcU9pxLJOt49SlZpxVdPFa\",\n            \"type\": \"Bearer\",\n            \"updatedAt\": \"2024-08-25T15:14:52.275Z\"\n        }\n    }\n}"
						},
						{
							"name": "422 error",
							"originalRequest": {
								"method": "POST",
								"header": [],
								"body": {
									"mode": "raw",
									"raw": "",
									"options": {
										"raw": {
											"language": "json"
										}
									}
								},
								"url": {
									"raw": "{{url}}/v1/auth/login",
									"host": [
										"{{url}}"
									],
									"path": [
										"v1",
										"auth",
										"login"
									]
								}
							},
							"status": "Unprocessable Entity",
							"code": 422,
							"_postman_previewlanguage": "json",
							"header": [
								{
									"key": "X-Powered-By",
									"value": "Express"
								},
								{
									"key": "Content-Type",
									"value": "application/json; charset=utf-8"
								},
								{
									"key": "Content-Length",
									"value": "193"
								},
								{
									"key": "ETag",
									"value": "W/\"c1-oOdzN2VPAHgTBLIgIybxqJ5aM18\""
								},
								{
									"key": "Date",
									"value": "Sun, 25 Aug 2024 18:46:02 GMT"
								},
								{
									"key": "Connection",
									"value": "keep-alive"
								},
								{
									"key": "Keep-Alive",
									"value": "timeout=5"
								}
							],
							"cookie": [],
							"body": "{\n    \"status\": \"validation error\",\n    \"message\": \"validation error\",\n    \"errors\": [\n        {\n            \"message\": \"Invalid email address\",\n            \"field\": \"email\"\n        },\n        {\n            \"message\": \"Password must be at least 8 characters\",\n            \"field\": \"password\"\n        }\n    ]\n}"
						},
						{
							"name": "bad request",
							"originalRequest": {
								"method": "POST",
								"header": [],
								"body": {
									"mode": "raw",
									"raw": "{\n    \"password\": \"Mm@test1234\",\n    \"email\" : \"test4@coupon.co\"\n}",
									"options": {
										"raw": {
											"language": "json"
										}
									}
								},
								"url": {
									"raw": "{{url}}/v1/auth/login",
									"host": [
										"{{url}}"
									],
									"path": [
										"v1",
										"auth",
										"login"
									]
								}
							},
							"status": "Bad Request",
							"code": 400,
							"_postman_previewlanguage": "json",
							"header": [
								{
									"key": "X-Powered-By",
									"value": "Express"
								},
								{
									"key": "Content-Type",
									"value": "application/json; charset=utf-8"
								},
								{
									"key": "Content-Length",
									"value": "67"
								},
								{
									"key": "ETag",
									"value": "W/\"43-SqhysfxaUtCOqBFIZQ71m26RdzA\""
								},
								{
									"key": "Date",
									"value": "Sun, 25 Aug 2024 18:46:17 GMT"
								},
								{
									"key": "Connection",
									"value": "keep-alive"
								},
								{
									"key": "Keep-Alive",
									"value": "timeout=5"
								}
							],
							"cookie": [],
							"body": "{\n    \"status\": \"bad request\",\n    \"message\": \"email or password is not valid\"\n}"
						}
					]
				},
				{
					"name": "Logout",
					"request": {
						"auth": {
							"type": "bearer",
							"bearer": [
								{
									"key": "token",
									"value": "{{token}}",
									"type": "string"
								}
							]
						},
						"method": "DELETE",
						"header": [],
						"url": {
							"raw": "{{url}}/v1/auth/logout",
							"host": [
								"{{url}}"
							],
							"path": [
								"v1",
								"auth",
								"logout"
							]
						},
						"description": "# Logout User\n\nThis endpoint is used to log out the authenticated user.\n\n## Request\n\n- Method: DELETE\n    \n- URL: `{{url}}/v1/auth/logout`\n    \n\n## Response\n\nThe response for this request is no content response."
					},
					"response": [
						{
							"name": "Successfully logout",
							"originalRequest": {
								"method": "DELETE",
								"header": [],
								"url": {
									"raw": "{{url}}/v1/auth/logout",
									"host": [
										"{{url}}"
									],
									"path": [
										"v1",
										"auth",
										"logout"
									]
								}
							},
							"status": "No Content",
							"code": 204,
							"_postman_previewlanguage": "plain",
							"header": [
								{
									"key": "X-Powered-By",
									"value": "Express"
								},
								{
									"key": "ETag",
									"value": "W/\"4-K+iMpCQsduglOsYkdIUQZQMtaDM\""
								},
								{
									"key": "Date",
									"value": "Sun, 25 Aug 2024 18:46:47 GMT"
								},
								{
									"key": "Connection",
									"value": "keep-alive"
								},
								{
									"key": "Keep-Alive",
									"value": "timeout=5"
								}
							],
							"cookie": [],
							"body": null
						},
						{
							"name": "401 error",
							"originalRequest": {
								"method": "DELETE",
								"header": [],
								"url": {
									"raw": "{{url}}/v1/auth/logout",
									"host": [
										"{{url}}"
									],
									"path": [
										"v1",
										"auth",
										"logout"
									]
								}
							},
							"status": "Unauthorized",
							"code": 401,
							"_postman_previewlanguage": "json",
							"header": [
								{
									"key": "X-Powered-By",
									"value": "Express"
								},
								{
									"key": "Content-Type",
									"value": "application/json; charset=utf-8"
								},
								{
									"key": "Content-Length",
									"value": "29"
								},
								{
									"key": "ETag",
									"value": "W/\"1d-pCge3J3HiZqJ9/6LUAzKZpjSxlQ\""
								},
								{
									"key": "Date",
									"value": "Sun, 25 Aug 2024 18:47:54 GMT"
								},
								{
									"key": "Connection",
									"value": "keep-alive"
								},
								{
									"key": "Keep-Alive",
									"value": "timeout=5"
								}
							],
							"cookie": [],
							"body": "{\n    \"message\": \"un authenticate\"\n}"
						}
					]
				}
			]
		},
		{
			"name": "Coupons",
			"item": [
				{
					"name": "Get Coupon List",
					"request": {
						"method": "GET",
						"header": [],
						"url": {
							"raw": "{{url}}/v1/coupons",
							"host": [
								"{{url}}"
							],
							"path": [
								"v1",
								"coupons"
							]
						},
						"description": "This endpoint makes an HTTP GET request to retrieve a list of coupons in the form of a JSON object. The response includes properties such as coupon code, discount amount, and type for each coupon."
					},
					"response": [
						{
							"name": "Success",
							"originalRequest": {
								"method": "GET",
								"header": [],
								"url": {
									"raw": "{{url}}/v1/coupons",
									"host": [
										"{{url}}"
									],
									"path": [
										"v1",
										"coupons"
									]
								}
							},
							"status": "Internal Server Error",
							"code": 500,
							"_postman_previewlanguage": "json",
							"header": [
								{
									"key": "X-Powered-By",
									"value": "Express"
								},
								{
									"key": "Content-Type",
									"value": "application/json; charset=utf-8"
								},
								{
									"key": "Content-Length",
									"value": "465"
								},
								{
									"key": "ETag",
									"value": "W/\"1d1-jXIzFsuCR8dR1Vsm3HG5ueVfHuw\""
								},
								{
									"key": "Date",
									"value": "Sun, 25 Aug 2024 19:05:02 GMT"
								},
								{
									"key": "Connection",
									"value": "keep-alive"
								},
								{
									"key": "Keep-Alive",
									"value": "timeout=5"
								}
							],
							"cookie": [],
							"body": "{\n    \"status\": \"success\",\n    \"message\": \"\",\n    \"data\": [\n        {\n            \"id\": \"1\",\n            \"amount\": \"20\",\n            \"code\": \"code\",\n            \"title\": \"test\",\n            \"totalCount\": 10,\n            \"typeId\": 1,\n            \"typeLabel\": \"price\",\n            \"usedBefore\": false,\n            \"usedCount\": 0,\n            \"updatedAt\": \"2024-08-25T17:30:03.828Z\",\n            \"createdAt\": \"2024-08-25T11:39:28.000Z\"\n        },\n        {\n            \"id\": \"2\",\n            \"amount\": \"12\",\n            \"code\": \"gsasks\",\n            \"title\": \"sas\",\n            \"totalCount\": 4,\n            \"typeId\": 2,\n            \"typeLabel\": \"server\",\n            \"server\": {\n                \"cpu\": \"amd\",\n                \"createdAt\": \"2024-08-25T21:26:11.905Z\",\n                \"id\": \"1\",\n                \"name\": \"Server one\",\n                \"os\": \"ubuntu 22\",\n                \"ram\": \"ddr4\",\n                \"slug\": \"server-one\",\n                \"updatedAt\": \"2024-08-25T21:26:11.905Z\"\n            },\n            \"usedBefore\": true,\n            \"usedCount\": 4,\n            \"updatedAt\": \"2024-08-25T17:30:05.722Z\",\n            \"createdAt\": \"2024-08-25T11:43:50.000Z\"\n        }\n    ]\n}"
						}
					]
				},
				{
					"name": "Use Coupon",
					"request": {
						"method": "POST",
						"header": [],
						"body": {
							"mode": "raw",
							"raw": "{\n    \"couponCode\":\"gsasks\",\n    \"serverSlug\" : \"server-one\"\n}",
							"options": {
								"raw": {
									"language": "json"
								}
							}
						},
						"url": {
							"raw": "{{url}}/v1/coupons",
							"host": [
								"{{url}}"
							],
							"path": [
								"v1",
								"coupons"
							]
						},
						"description": "### Use Coupon\n\nThis endpoint allows user to use coupon.\n\n#### Request Body\n\n- `couponCode` (string, required): The code for the coupon to be used.\n    \n- `serverSlug` (string, required): The server slug associated with the coupon."
					},
					"response": [
						{
							"name": "Capacity is full",
							"originalRequest": {
								"method": "POST",
								"header": [],
								"body": {
									"mode": "raw",
									"raw": "{\n    \"couponCode\":\"gsasks\",\n    \"serverSlug\" : \"server-one\"\n}",
									"options": {
										"raw": {
											"language": "json"
										}
									}
								},
								"url": {
									"raw": "{{url}}/v1/coupons",
									"host": [
										"{{url}}"
									],
									"path": [
										"v1",
										"coupons"
									]
								}
							},
							"status": "Bad Request",
							"code": 400,
							"_postman_previewlanguage": "json",
							"header": [
								{
									"key": "X-Powered-By",
									"value": "Express"
								},
								{
									"key": "Content-Type",
									"value": "application/json; charset=utf-8"
								},
								{
									"key": "Content-Length",
									"value": "62"
								},
								{
									"key": "ETag",
									"value": "W/\"3e-skISfk/b5RsSW1tnHoRXWwJG8GE\""
								},
								{
									"key": "Date",
									"value": "Sun, 25 Aug 2024 20:38:20 GMT"
								},
								{
									"key": "Connection",
									"value": "keep-alive"
								},
								{
									"key": "Keep-Alive",
									"value": "timeout=5"
								}
							],
							"cookie": [],
							"body": "{\n    \"status\": \"bad request\",\n    \"message\": \"coupon is out of capacity\"\n}"
						},
						{
							"name": "Successfully",
							"originalRequest": {
								"method": "POST",
								"header": [],
								"body": {
									"mode": "raw",
									"raw": "{\n    \"couponCode\":\"gsasks\",\n    \"serverSlug\" : \"server-one\"\n}",
									"options": {
										"raw": {
											"language": "json"
										}
									}
								},
								"url": {
									"raw": "{{url}}/v1/coupons",
									"host": [
										"{{url}}"
									],
									"path": [
										"v1",
										"coupons"
									]
								}
							},
							"status": "Internal Server Error",
							"code": 500,
							"_postman_previewlanguage": "json",
							"header": [
								{
									"key": "X-Powered-By",
									"value": "Express"
								},
								{
									"key": "Content-Type",
									"value": "application/json; charset=utf-8"
								},
								{
									"key": "Content-Length",
									"value": "58"
								},
								{
									"key": "ETag",
									"value": "W/\"3a-html2UsqCFyR5UMXevhorb5ptvQ\""
								},
								{
									"key": "Date",
									"value": "Sun, 25 Aug 2024 20:38:45 GMT"
								},
								{
									"key": "Connection",
									"value": "keep-alive"
								},
								{
									"key": "Keep-Alive",
									"value": "timeout=5"
								}
							],
							"cookie": [],
							"body": "{\n    \"status\": \"success\",\n    \"message\": \"successfully used for you\"\n}"
						},
						{
							"name": "Used before",
							"originalRequest": {
								"method": "POST",
								"header": [],
								"body": {
									"mode": "raw",
									"raw": "{\n    \"couponCode\":\"gsasks\",\n    \"serverSlug\" : \"server-one\"\n}",
									"options": {
										"raw": {
											"language": "json"
										}
									}
								},
								"url": {
									"raw": "{{url}}/v1/coupons",
									"host": [
										"{{url}}"
									],
									"path": [
										"v1",
										"coupons"
									]
								}
							},
							"status": "Bad Request",
							"code": 400,
							"_postman_previewlanguage": "json",
							"header": [
								{
									"key": "X-Powered-By",
									"value": "Express"
								},
								{
									"key": "Content-Type",
									"value": "application/json; charset=utf-8"
								},
								{
									"key": "Content-Length",
									"value": "64"
								},
								{
									"key": "ETag",
									"value": "W/\"40-1iWm7bWxxkaipMkSpZdVYJxOPv0\""
								},
								{
									"key": "Date",
									"value": "Sun, 25 Aug 2024 20:38:54 GMT"
								},
								{
									"key": "Connection",
									"value": "keep-alive"
								},
								{
									"key": "Keep-Alive",
									"value": "timeout=5"
								}
							],
							"cookie": [],
							"body": "{\n    \"status\": \"bad request\",\n    \"message\": \"You used this coupon before\"\n}"
						},
						{
							"name": "422 error",
							"originalRequest": {
								"method": "POST",
								"header": [],
								"body": {
									"mode": "raw",
									"raw": "",
									"options": {
										"raw": {
											"language": "json"
										}
									}
								},
								"url": {
									"raw": "{{url}}/v1/coupons",
									"host": [
										"{{url}}"
									],
									"path": [
										"v1",
										"coupons"
									]
								}
							},
							"status": "Unprocessable Entity",
							"code": 422,
							"_postman_previewlanguage": "json",
							"header": [
								{
									"key": "X-Powered-By",
									"value": "Express"
								},
								{
									"key": "Content-Type",
									"value": "application/json; charset=utf-8"
								},
								{
									"key": "Content-Length",
									"value": "167"
								},
								{
									"key": "ETag",
									"value": "W/\"a7-qpTZgJG+RqmXz8HczpC+5G8NSNs\""
								},
								{
									"key": "Date",
									"value": "Sun, 25 Aug 2024 20:39:04 GMT"
								},
								{
									"key": "Connection",
									"value": "keep-alive"
								},
								{
									"key": "Keep-Alive",
									"value": "timeout=5"
								}
							],
							"cookie": [],
							"body": "{\n    \"status\": \"validation error\",\n    \"message\": \"validation error\",\n    \"errors\": [\n        {\n            \"message\": \"Invalid code\",\n            \"field\": \"couponCode\"\n        },\n        {\n            \"message\": \"Invalid server\",\n            \"field\": \"serverSlug\"\n        }\n    ]\n}"
						}
					]
				}
			],
			"auth": {
				"type": "bearer",
				"bearer": [
					{
						"key": "token",
						"value": "{{token}}",
						"type": "string"
					}
				]
			},
			"event": [
				{
					"listen": "prerequest",
					"script": {
						"type": "text/javascript",
						"packages": {},
						"exec": [
							""
						]
					}
				},
				{
					"listen": "test",
					"script": {
						"type": "text/javascript",
						"packages": {},
						"exec": [
							""
						]
					}
				}
			]
		},
		{
			"name": "Users",
			"item": [
				{
					"name": "Profile",
					"request": {
						"method": "GET",
						"header": [],
						"url": {
							"raw": "{{url}}/v1/users/profile",
							"host": [
								"{{url}}"
							],
							"path": [
								"v1",
								"users",
								"profile"
							]
						},
						"description": "# Get User Profile\n\nThis endpoint retrieves the profile of the user.\n\n## Request\n\n### Request Body\n\nThis request does not require a request body.\n\n### Request Parameters\n\n- None\n    \n\n### Response\n\nThe response for this request is a JSON object with the following schema:\n\n``` json\n{\n  \"type\": \"object\",\n  \"properties\": {\n    \"status\": {\n      \"type\": \"string\"\n    },\n    \"message\": {\n      \"type\": \"string\"\n    },\n    \"data\": {\n      \"type\": \"object\",\n      \"properties\": {\n        \"createdAt\": {\n          \"type\": \"string\"\n        },\n        \"email\": {\n          \"type\": \"string\"\n        },\n        \"id\": {\n          \"type\": \"string\"\n        },\n        \"name\": {\n          \"type\": \"string\"\n        },\n        \"updatedAt\": {\n          \"type\": \"string\"\n        }\n      }\n    }\n  }\n}\n\n ```"
					},
					"response": [
						{
							"name": "Success",
							"originalRequest": {
								"method": "GET",
								"header": [],
								"url": {
									"raw": "{{url}}/v1/users/profile",
									"host": [
										"{{url}}"
									],
									"path": [
										"v1",
										"users",
										"profile"
									]
								}
							},
							"status": "OK",
							"code": 200,
							"_postman_previewlanguage": "json",
							"header": [
								{
									"key": "X-Powered-By",
									"value": "Express"
								},
								{
									"key": "Content-Type",
									"value": "application/json; charset=utf-8"
								},
								{
									"key": "Content-Length",
									"value": "190"
								},
								{
									"key": "ETag",
									"value": "W/\"be-XS57M1hMLqLSiclGPp1ieS3WQqg\""
								},
								{
									"key": "Date",
									"value": "Sun, 25 Aug 2024 20:40:54 GMT"
								},
								{
									"key": "Connection",
									"value": "keep-alive"
								},
								{
									"key": "Keep-Alive",
									"value": "timeout=5"
								}
							],
							"cookie": [],
							"body": "{\n    \"status\": \"success\",\n    \"message\": \"success\",\n    \"data\": {\n        \"createdAt\": \"2024-08-25T15:13:54.906Z\",\n        \"email\": \"test3@coupon.co\",\n        \"id\": \"7\",\n        \"name\": \"Test user register\",\n        \"updatedAt\": \"2024-08-25T15:13:54.906Z\"\n    }\n}"
						}
					]
				}
			],
			"auth": {
				"type": "bearer",
				"bearer": [
					{
						"key": "token",
						"value": "{{token}}",
						"type": "string"
					}
				]
			},
			"event": [
				{
					"listen": "prerequest",
					"script": {
						"type": "text/javascript",
						"packages": {},
						"exec": [
							""
						]
					}
				},
				{
					"listen": "test",
					"script": {
						"type": "text/javascript",
						"packages": {},
						"exec": [
							""
						]
					}
				}
			]
		},
		{
			"name": "Servers",
			"item": [
				{
					"name": "List",
					"request": {
						"method": "GET",
						"header": [
							{
								"key": "Accept",
								"value": "application/json",
								"type": "text"
							},
							{
								"key": "Content-Type",
								"value": "application/json",
								"type": "text"
							}
						],
						"url": {
							"raw": "{{url}}/v1/servers",
							"host": [
								"{{url}}"
							],
							"path": [
								"v1",
								"servers"
							]
						},
						"description": "This endpoint retrieves a list of servers in the system.\n\nThe response for this request can be documented as a JSON schema:\n\n``` json\n{\n  \"type\": \"object\",\n  \"properties\": {\n    \"status\": {\n      \"type\": \"string\"\n    },\n    \"message\": {\n      \"type\": \"string\"\n    },\n    \"data\": {\n      \"type\": \"array\",\n      \"items\": {\n        \"type\": \"object\",\n        \"properties\": {\n          \"cpu\": {\n            \"type\": \"string\"\n          },\n          \"createdAt\": {\n            \"type\": \"string\"\n          },\n          \"id\": {\n            \"type\": \"string\"\n          },\n          \"name\": {\n            \"type\": \"string\"\n          },\n          \"os\": {\n            \"type\": \"string\"\n          },\n          \"ram\": {\n            \"type\": \"string\"\n          },\n          \"slug\": {\n            \"type\": \"string\"\n          },\n          \"updatedAt\": {\n            \"type\": \"string\"\n          }\n        }\n      }\n    }\n  }\n}\n\n ```"
					},
					"response": [
						{
							"name": "Success",
							"originalRequest": {
								"method": "GET",
								"header": [
									{
										"key": "Accept",
										"value": "application/json",
										"type": "text"
									},
									{
										"key": "Content-Type",
										"value": "application/json",
										"type": "text"
									}
								],
								"url": {
									"raw": "{{url}}/v1/servers",
									"host": [
										"{{url}}"
									],
									"path": [
										"v1",
										"servers"
									]
								}
							},
							"status": "OK",
							"code": 200,
							"_postman_previewlanguage": "json",
							"header": [
								{
									"key": "X-Powered-By",
									"value": "Express"
								},
								{
									"key": "Content-Type",
									"value": "application/json; charset=utf-8"
								},
								{
									"key": "Content-Length",
									"value": "576"
								},
								{
									"key": "ETag",
									"value": "W/\"240-Als02oDSJFiGCNnG3ghvwKTxmm8\""
								},
								{
									"key": "Date",
									"value": "Sun, 25 Aug 2024 20:45:16 GMT"
								},
								{
									"key": "Connection",
									"value": "keep-alive"
								},
								{
									"key": "Keep-Alive",
									"value": "timeout=5"
								}
							],
							"cookie": [],
							"body": "{\n    \"status\": \"success\",\n    \"message\": \"success\",\n    \"data\": [\n        {\n            \"cpu\": \"amd\",\n            \"createdAt\": \"2024-08-25T20:45:12.337Z\",\n            \"id\": \"1\",\n            \"name\": \"Server one\",\n            \"os\": \"ubuntu 22\",\n            \"ram\": \"ddr4\",\n            \"slug\": \"server-one\",\n            \"updatedAt\": \"2024-08-25T20:45:12.337Z\"\n        },\n        {\n            \"cpu\": \"intel\",\n            \"createdAt\": \"2024-08-25T20:45:12.337Z\",\n            \"id\": \"2\",\n            \"name\": \"Server two\",\n            \"os\": \"centos 7\",\n            \"ram\": \"ddr4\",\n            \"slug\": \"server-two\",\n            \"updatedAt\": \"2024-08-25T20:45:12.337Z\"\n        },\n        {\n            \"cpu\": \"intel\",\n            \"createdAt\": \"2024-08-25T20:45:12.337Z\",\n            \"id\": \"3\",\n            \"name\": \"Server three\",\n            \"os\": \"windows server IIS\",\n            \"ram\": \"ddr4\",\n            \"slug\": \"server-one\",\n            \"updatedAt\": \"2024-08-25T20:45:12.337Z\"\n        }\n    ]\n}"
						}
					]
				}
			]
		}
	]
}